Table Migration report: 16 Oct 2025,,,,,,,,,,,,,,,,,,,,,
================================,,,,,,,,,,,,,,,,,,,,,
Table,Before,After,Action,,,,,,,,,,,,,,,,,,
,ArchivedCustomersTbl,n/a,Ignore,,,,,,,,,,,,,,,,,,
,ArichivedOrdersTbl,n/a,Ignore,,,,,,,,,,,,,,,,,,
,LogTbl,n/a,Ignore,,,,,,,,,,,,,,,,,,
,OrderList,n/a,Ignore,,,,,,,,,,,,,,,,,,
,OrdersTbl_Apr26_2008,n/a,Ignore,,,,,,,,,,,,,,,,,,
,PredictedOrdersTbl,n/a,Ignore,,,,,,,,,,,,,,,,,,
,tmpOrdersReplyTbl,n/a,Ignore,,,,,,,,,,,,,,,,,,
,UsageAveTbl,n/a,Ignore,,,,,,,,,,,,,,,,,,
,UsageTblByDate,n/a,Ignore,,,,,,,,,,,,,,,,,,
,VisitLogTbl,n/a,Ignore,,,,,,,,,,,,,,,,,,
,WeekDaysTbl,n/a,Ignore,,,,,,,,,,,,,,,,,,
,_ClientUsageTbl,n/a,Ignore,,,,,,,,,,,,,,,,,,
Rows:,None ignored,,,,,,,,,,,,,,,,,,,,
-------------------------------/-------------------------------,,,,,,,,,,,,,,,,,,,,,
Table,Before,After,Action,,,,,,,,,,,,,,,,,,
,AwayReasonTbl,AwayReasonTbl,Copy,,,,,,,,,,,,,,,,,,
Rows:,Before Col name,Before Type,Before Key,Before Auto,--/--,After Col Name,After Type,After Key,After Auto,After NotNull,Presserve ID,Action,Source Col,,,,,,,,
,AwayReasonID,INT,No,No,--/--,AwayReasonID,INT,PK,Yes,Yes,n/a,Copy,AwayReasonID,,,,,,,,
,ReasonDesc,NVARCHAR(100),No,No,--/--,ReasonDesc,NVARCHAR(100),No,No,Yes,n/a,Copy,ReasonDesc,,,,,,,,
-------------------------------/-------------------------------,,,,,,,,,,,,,,,,,,,,,
Table,Before,After,Action,,,,,,,,,,,,,,,,,,
,CityPrepDaysTbl,AreaPrepDaysTbl,Rename,,,,,,,,,,,,,,,,,,
Rows:,Before Col name,Before Type,Before Key,Before Auto,--/--,After Col Name,After Type,After Key,After Auto,After NotNull,Presserve ID,Action,Source Col,,,,,,,,
,CityPrepDaysID,INT,No,No,--/--,AreaPrepDaysID,INT,PK,Yes,Yes,n/a,Rename,CityPrepDaysID,,,,,,,,
,CityID,INT,No,No,--/--,AreaID,INT,FK (AreasTbl),No,No,n/a,Rename,CityID,,,,,,,,
,PrepDayOfWeekID,TINYINT,No,No,--/--,PrepDayOfWeekID,TINYINT,No,No,No,n/a,Rename,PrepDayOfWeekID,,,,,,,,
,DeliveryDelayDays,SMALLINT,No,No,--/--,DeliveryDelayDays,SMALLINT,No,No,No,n/a,Copy,DeliveryDelayDays,,,,,,,,
,DeliveryOrder,SMALLINT,No,No,--/--,DeliveryOrder,SMALLINT,No,No,No,n/a,Copy,DeliveryOrder,,,,,,,,
-------------------------------/-------------------------------,,,,,,,,,,,,,,,,,,,,,
Table,Before,After,Action,,,,,,,,,,,,,,,,,,
,CityTbl,AreasTbl,Rename,,,,,,,,,,,,,,,,,,
Rows:,Before Col name,Before Type,Before Key,Before Auto,--/--,After Col Name,After Type,After Key,After Auto,After NotNull,Presserve ID,Action,Source Col,,,,,,,,
,ID,INT,No,No,--/--,AreaID,INT,PK,Yes,No,n/a,Rename,ID,,,,,,,,
,City,NVARCHAR(255),No,No,--/--,Area,NVARCHAR(255),No,No,No,n/a,Rename,City,,,,,,,,
,RoastingDay,INT,No,No,--/--,PrepDayOfWeekID,INT,No,No,No,n/a,Rename,RoastingDay,,,,,,,,
,DeliveryDelay,INT,No,No,--/--,DeliveryDelay,INT,No,No,No,n/a,Rename,DeliveryDelay,,,,,,,,
-------------------------------/-------------------------------,,,,,,,,,,,,,,,,,,,,,
Table,Before,After,Action,,,,,,,,,,,,,,,,,,
,ClientAwayPeriodTbl,ContactAwayPeriodTbl,Rename,,,,,,,,,,,,,,,,,,
Rows:,Before Col name,Before Type,Before Key,Before Auto,--/--,After Col Name,After Type,After Key,After Auto,After NotNull,Presserve ID,Action,Source Col,,,,,,,,
,AwayPeriodID,INT,No,No,--/--,AwayPeriodID,INT,PK,Yes,No,n/a,Copy,AwayPeriodID,,,,,,,,
,ClientID,INT,No,No,--/--,ContactID,INT,FK (ContactsTbl),No,No,n/a,Rename,ClientID,,,,,,,,
,AwayStartDate,DATETIME,No,No,--/--,AwayStartDate,DATETIME,No,No,No,n/a,Copy,AwayStartDate,,,,,,,,
,AwayEndDate,DATETIME,No,No,--/--,AwayEndDate,DATETIME,No,No,No,n/a,Copy,AwayEndDate,,,,,,,,
,ReasonID,INT,No,No,--/--,ReasonID,INT,No,No,No,n/a,Copy,ReasonID,,,,,,,,
-------------------------------/-------------------------------,,,,,,,,,,,,,,,,,,,,,
Table,Before,After,Action,,,,,,,,,,,,,,,,,,
,ClientUsageHistoryTbl,ContactHistoryAndPredictionTbl,Rename,,,,,,,,,,,,,,,,,,
Rows:,Before Col name,Before Type,Before Key,Before Auto,--/--,After Col Name,After Type,After Key,After Auto,After NotNull,Presserve ID,Action,Source Col,,,,,,,,
,HistoryID,INT,No,No,--/--,HistoryID,INT,PK,Yes,No,n/a,Copy,HistoryID,,,,,,,,
,CustomerId,INT,No,No,--/--,ContactID,INT,FK (ContactsTbl),No,No,n/a,Rename,CustomerId,,,,,,,,
,ItemDate,DATETIME,No,No,--/--,ItemDate,DATETIME,No,No,No,n/a,Copy,ItemDate,,,,,,,,
,LastCupCount,INT,No,No,--/--,LastCount,INT,No,No,No,n/a,Rename,LastCupCount,,,,,,,,
,NextCoffeeBy,DATETIME,No,No,--/--,NextConsumableBy,DATETIME,No,No,No,n/a,Rename,NextCoffeeBy,,,,,,,,
,NextCleanOn,DATETIME,No,No,--/--,NextCleanOn,DATETIME,No,No,No,n/a,Copy,NextCleanOn,,,,,,,,
,NextFilterEst,DATETIME,No,No,--/--,NextFilterEst,DATETIME,No,No,No,n/a,Copy,NextFilterEst,,,,,,,,
,NextDescaleEst,DATETIME,No,No,--/--,NextDescaleEst,DATETIME,No,No,No,n/a,Copy,NextDescaleEst,,,,,,,,
,NextServiceEst,DATETIME,No,No,--/--,NextServiceEst,DATETIME,No,No,No,n/a,Copy,NextServiceEst,,,,,,,,
,DailyConsumption,REAL,No,No,--/--,DailyConsumption,REAL,No,No,No,n/a,Copy,DailyConsumption,,,,,,,,
,FilterAveCount,REAL,No,No,--/--,FilterAveCount,REAL,No,No,No,n/a,Copy,FilterAveCount,,,,,,,,
,DescaleAveCount,REAL,No,No,--/--,DescaleAveCount,REAL,No,No,No,n/a,Copy,DescaleAveCount,,,,,,,,
,ServiceAveCount,REAL,No,No,--/--,ServiceAveCount,REAL,No,No,No,n/a,Copy,ServiceAveCount,,,,,,,,
-------------------------------/-------------------------------,,,,,,,,,,,,,,,,,,,,,
Table,Before,After,Action,,,,,,,,,,,,,,,,,,
,ClientUsageLinesTbl,ContactUsageLinesTbl,Rename,,,,,,,,,,,,,,,,,,
Rows:,Before Col name,Before Type,Before Key,Before Auto,--/--,After Col Name,After Type,After Key,After Auto,After NotNull,Presserve ID,Action,Source Col,,,,,,,,
,ClientUsageLineNo,INT,No,No,--/--,ContactUsageLineNo,INT,PK,Yes,No,n/a,Rename,ClientUsageLineNo,,,,,,,,
,CustomerID,INT,No,No,--/--,ContactID,INT,FK (ContactsTbl),No,No,n/a,Rename,CustomerID,,,,,,,,
,Date,DATETIME,No,No,--/--,UsageDate,DATETIME,No,No,No,n/a,Rename,Date,,,,,,,,
,CupCount,INT,No,No,--/--,CupCount,INT,No,No,No,n/a,Copy,CupCount,,,,,,,,
,ServiceTypeId,INT,No,No,--/--,ItemServiceTypeID,INT,FK (ItemServiceTypesTbl),No,No,n/a,Rename,ServiceTypeId,,,,,,,,
,Qty,REAL,No,No,--/--,Qty,REAL,No,No,No,n/a,Copy,Qty,,,,,,,,
,Notes,NVARCHAR(150),No,No,--/--,Notes,NVARCHAR(150),No,No,No,n/a,Copy,Notes,,,,,,,,
-------------------------------/-------------------------------,,,,,,,,,,,,,,,,,,,,,
Table,Before,After,Action,,,,,,,,,,,,,,,,,,
,ClientUsageTbl,ContactUsageTbl,Rename,,,,,,,,,,,,,,,,,,
Rows:,Before Col name,Before Type,Before Key,Before Auto,--/--,After Col Name,After Type,After Key,After Auto,After NotNull,Presserve ID,Action,Source Col,,,,,,,,
,CustomerId,INT,No,No,--/--,ContactID,INT,PK,Yes,No,n/a,Rename,CustomerId,,,,,,,,
,LastCupCount,INT,No,No,--/--,LastCupCount,INT,No,No,No,n/a,Copy,LastCupCount,,,,,,,,
,NextCoffeeBy,DATETIME,No,No,--/--,NextCoffeeBy,DATETIME,No,No,No,n/a,Copy,NextCoffeeBy,,,,,,,,
,NextCleanOn,DATETIME,No,No,--/--,NextCleanOn,DATETIME,No,No,No,n/a,Copy,NextCleanOn,,,,,,,,
,NextFilterEst,DATETIME,No,No,--/--,NextFilterEst,DATETIME,No,No,No,n/a,Copy,NextFilterEst,,,,,,,,
,NextDescaleEst,DATETIME,No,No,--/--,NextDescaleEst,DATETIME,No,No,No,n/a,Copy,NextDescaleEst,,,,,,,,
,NextServiceEst,DATETIME,No,No,--/--,NextServiceEst,DATETIME,No,No,No,n/a,Copy,NextServiceEst,,,,,,,,
,DailyConsumption,REAL,No,No,--/--,DailyConsumption,REAL,No,No,No,n/a,Copy,DailyConsumption,,,,,,,,
,FilterAveCount,REAL,No,No,--/--,FilterAveCount,REAL,No,No,No,n/a,Copy,FilterAveCount,,,,,,,,
,DescaleAveCount,REAL,No,No,--/--,DescaleAveCount,REAL,No,No,No,n/a,Copy,DescaleAveCount,,,,,,,,
,ServiceAveCount,REAL,No,No,--/--,ServiceAveCount,REAL,No,No,No,n/a,Copy,ServiceAveCount,,,,,,,,
,CleanAveCount,REAL,No,No,--/--,CleanAveCount,REAL,No,No,No,n/a,Copy,CleanAveCount,,,,,,,,
-------------------------------/-------------------------------,,,,,,,,,,,,,,,,,,,,,
Table,Before,After,Action,,,,,,,,,,,,,,,,,,
,ClosureDatesTbl,ClosureDatesTbl,Copy,,,,,,,,,,,,,,,,,,
Rows:,Before Col name,Before Type,Before Key,Before Auto,--/--,After Col Name,After Type,After Key,After Auto,After NotNull,Presserve ID,Action,Source Col,,,,,,,,
,ID,INT,No,No,--/--,ClosureDateID,INT,PK,Yes,No,n/a,Rename,ID,,,,,,,,
,DateClosed,DATETIME,No,No,--/--,DateClosed,DATETIME,No,No,No,n/a,Copy,DateClosed,,,,,,,,
,DateReopen,DATETIME,No,No,--/--,DateReopen,DATETIME,No,No,No,n/a,Copy,DateReopen,,,,,,,,
,NextRoastDate,DATETIME,No,No,--/--,NextPrepDate,DATETIME,No,No,No,n/a,Rename,NextRoastDate,,,,,,,,
,Comments,NVARCHAR(255),No,No,--/--,Comments,NVARCHAR(255),No,No,No,n/a,Copy,Comments,,,,,,,,
-------------------------------/-------------------------------,,,,,,,,,,,,,,,,,,,,,
Table,Before,After,Action,,,,,,,,,,,,,,,,,,
,CustomersAccInfoTbl,ContactAccInfoTbl,Rename,,,,,,,,,,,,,,,,,,
Rows:,Before Col name,Before Type,Before Key,Before Auto,--/--,After Col Name,After Type,After Key,After Auto,After NotNull,Presserve ID,Action,Source Col,,,,,,,,
,CustomersAccInfoID,INT,No,No,--/--,ContactsAccInfoID,INT,PK,Yes,No,n/a,Rename,CustomersAccInfoID,,,,,,,,
,CustomerID,INT,No,No,--/--,ContactID,INT,FK (ContactsTbl),No,No,n/a,Rename,CustomerID,,,,,,,,
,RequiresPurchOrder,BIT,No,No,--/--,RequiresPurchOrder,BIT,No,No,No,n/a,Copy,RequiresPurchOrder,,,,,,,,
,CustomerVATNo,NVARCHAR(30),No,No,--/--,ContactVATNo,NVARCHAR(30),No,No,No,n/a,Rename,CustomerVATNo,,,,,,,,
,BillAddr1,NVARCHAR(50),No,No,--/--,BillAddr1,NVARCHAR(50),No,No,No,n/a,Copy,BillAddr1,,,,,,,,
,BillAddr2,NVARCHAR(50),No,No,--/--,BillAddr2,NVARCHAR(50),No,No,No,n/a,Copy,BillAddr2,,,,,,,,
,BillAddr3,NVARCHAR(50),No,No,--/--,BillAddr3,NVARCHAR(50),No,No,No,n/a,Copy,BillAddr3,,,,,,,,
,BillAddr4,NVARCHAR(50),No,No,--/--,BillAddr4,NVARCHAR(50),No,No,No,n/a,Copy,BillAddr4,,,,,,,,
,BillAddr5,NVARCHAR(50),No,No,--/--,BillAddr5,NVARCHAR(50),No,No,No,n/a,Copy,BillAddr5,,,,,,,,
,ShipAddr1,NVARCHAR(50),No,No,--/--,ShipAddr1,NVARCHAR(50),No,No,No,n/a,Copy,ShipAddr1,,,,,,,,
,ShipAddr2,NVARCHAR(50),No,No,--/--,ShipAddr2,NVARCHAR(50),No,No,No,n/a,Copy,ShipAddr2,,,,,,,,
,ShipAddr3,NVARCHAR(50),No,No,--/--,ShipAddr3,NVARCHAR(50),No,No,No,n/a,Copy,ShipAddr3,,,,,,,,
,ShipAddr4,NVARCHAR(50),No,No,--/--,ShipAddr4,NVARCHAR(50),No,No,No,n/a,Copy,ShipAddr4,,,,,,,,
,ShipAddr5,NVARCHAR(50),No,No,--/--,ShipAddr5,NVARCHAR(50),No,No,No,n/a,Copy,ShipAddr5,,,,,,,,
,AccEmail,NVARCHAR(50),No,No,--/--,AccEmail,NVARCHAR(50),No,No,No,n/a,Copy,AccEmail,,,,,,,,
,AltAccEmail,NVARCHAR(50),No,No,--/--,AltAccEmail,NVARCHAR(50),No,No,No,n/a,Copy,AltAccEmail,,,,,,,,
,PaymentTermID,INT,No,No,--/--,PaymentTermID,INT,FK (PaymentTermsTbl),No,No,n/a,Copy,PaymentTermID,,,,,,,,
,Limit,REAL,No,No,--/--,Limit,REAL,No,No,No,n/a,Copy,Limit,,,,,,,,
,FullCoName,NVARCHAR(50),No,No,--/--,FullCoName,NVARCHAR(50),No,No,No,n/a,Copy,FullCoName,,,,,,,,
,AccFirstName,NVARCHAR(50),No,No,--/--,AccFirstName,NVARCHAR(50),No,No,No,n/a,Copy,AccFirstName,,,,,,,,
,AccLastName,NVARCHAR(50),No,No,--/--,AccLastName,NVARCHAR(50),No,No,No,n/a,Copy,AccLastName,,,,,,,,
,AltAccFirstName,NVARCHAR(50),No,No,--/--,AltAccFirstName,NVARCHAR(50),No,No,No,n/a,Copy,AltAccFirstName,,,,,,,,
,AltAccLastName,NVARCHAR(50),No,No,--/--,AltAccLastName,NVARCHAR(50),No,No,No,n/a,Copy,AltAccLastName,,,,,,,,
,PriceLevelID,INT,No,No,--/--,PriceLevelID,INT,FK (PriceLevelsTbl),No,No,n/a,Copy,PriceLevelID,,,,,,,,
,InvoiceTypeID,INT,No,No,--/--,InvoiceTypeID,INT,FK (InvoiceTypesTbl),No,No,n/a,Copy,InvoiceTypeID,,,,,,,,
,RegNo,NVARCHAR(30),No,No,--/--,RegNo,NVARCHAR(30),No,No,No,n/a,Copy,RegNo,,,,,,,,
,BankAccNo,NVARCHAR(30),No,No,--/--,BankAccNo,NVARCHAR(30),No,No,No,n/a,Copy,BankAccNo,,,,,,,,
,BankBranch,NVARCHAR(50),No,No,--/--,BankBranch,NVARCHAR(50),No,No,No,n/a,Copy,BankBranch,,,,,,,,
,Enabled,BIT,No,No,--/--,Enabled,BIT,No,No,No,n/a,Copy,Enabled,,,,,,,,
,Notes,NVARCHAR(536870910),No,No,--/--,Notes,NVARCHAR(536870910),No,No,No,n/a,Copy,Notes,,,,,,,,
-------------------------------/-------------------------------,,,,,,,,,,,,,,,,,,,,,
Table,Before,After,Action,,,,,,,,,,,,,,,,,,
,CustomersTbl,ContactsTbl,Rename,,,,,,,,,,,,,,,,,,
Rows:,Before Col name,Before Type,Before Key,Before Auto,--/--,After Col Name,After Type,After Key,After Auto,After NotNull,Presserve ID,Action,Source Col,,,,,,,,
,CustomerID,INT,No,No,--/--,ContactID,INT,PK,Yes,No,n/a,Rename,CustomerID,,,,,,,,
,CompanyName,NVARCHAR(50),No,No,--/--,CompanyName,NVARCHAR(50),No,No,No,n/a,Copy,CompanyName,,,,,,,,
,ContactTitle,NVARCHAR(50),No,No,--/--,ContactTitle,NVARCHAR(50),No,No,No,n/a,Copy,ContactTitle,,,,,,,,
,ContactFirstName,NVARCHAR(30),No,No,--/--,ContactFirstName,NVARCHAR(30),No,No,No,n/a,Copy,ContactFirstName,,,,,,,,
,ContactLastName,NVARCHAR(50),No,No,--/--,ContactLastName,NVARCHAR(50),No,No,No,n/a,Copy,ContactLastName,,,,,,,,
,ContactAltFirstName,NVARCHAR(50),No,No,--/--,ContactAltFirstName,NVARCHAR(50),No,No,No,n/a,Copy,ContactAltFirstName,,,,,,,,
,ContactAltLastName,NVARCHAR(50),No,No,--/--,ContactAltLastName,NVARCHAR(50),No,No,No,n/a,Copy,ContactAltLastName,,,,,,,,
,Department,NVARCHAR(50),No,No,--/--,Department,NVARCHAR(50),No,No,No,n/a,Copy,Department,,,,,,,,
,BillingAddress,NVARCHAR(255),No,No,--/--,BillingAddress,NVARCHAR(255),No,No,No,n/a,Copy,BillingAddress,,,,,,,,
,City,INT,No,No,--/--,Area,INT,No,No,No,n/a,Rename,City,,,,,,,,
,StateOrProvince,NVARCHAR(20),No,No,--/--,StateOrProvince,NVARCHAR(20),No,No,No,n/a,Copy,StateOrProvince,,,,,,,,
,PostalCode,NVARCHAR(20),No,No,--/--,PostalCode,NVARCHAR(20),No,No,No,n/a,Copy,PostalCode,,,,,,,,
,Country/Region,NVARCHAR(50),No,No,--/--,Country/Region,NVARCHAR(50),No,No,No,n/a,Copy,Country/Region,,,,,,,,
,PhoneNumber,NVARCHAR(30),No,No,--/--,PhoneNumber,NVARCHAR(30),No,No,No,n/a,Copy,PhoneNumber,,,,,,,,
,Extension,NVARCHAR(30),No,No,--/--,Extension,NVARCHAR(30),No,No,No,n/a,Copy,Extension,,,,,,,,
,FaxNumber,NVARCHAR(30),No,No,--/--,FaxNumber,NVARCHAR(30),No,No,No,n/a,Copy,FaxNumber,,,,,,,,
,CellNumber,NVARCHAR(50),No,No,--/--,CellNumber,NVARCHAR(50),No,No,No,n/a,Copy,CellNumber,,,,,,,,
,EmailAddress,NVARCHAR(50),No,No,--/--,EmailAddress,NVARCHAR(50),No,No,No,n/a,Copy,EmailAddress,,,,,,,,
,AltEmailAddress,NVARCHAR(255),No,No,--/--,AltEmailAddress,NVARCHAR(255),No,No,No,n/a,Copy,AltEmailAddress,,,,,,,,
,ContractNo,NVARCHAR(50),No,No,--/--,ContractNo,NVARCHAR(50),No,No,No,n/a,Copy,ContractNo,,,,,,,,
,CustomerTypeID,INT,No,No,--/--,ContactTypeID,INT,FK (ContactTypesTbl),No,No,n/a,Rename,CustomerTypeID,,,,,,,,
,CustomerTypeOLD,NVARCHAR(30),No,No,--/--,,,,,,n/a,Drop,CustomerTypeOLD,,,,,,,,
,EquipType,INT,No,No,--/--,EquipTypeID,INT,FK (EquipTypesTbl),No,No,n/a,Copy,EquipType,,,,,,,,
,CoffeePreference,INT,No,No,--/--,ItemPrefID,INT,FK (ItemsTbl),No,No,n/a,Rename,CoffeePreference,,,,,,,,
,PriPrefQty,REAL,No,No,--/--,PriPrefQty,REAL,No,No,No,n/a,Copy,PriPrefQty,,,,,,,,
,PrefPrepTypeID,INT,No,No,--/--,PrefItemPrepTypeID,INT,FK (ItemPrepTypesTbl),No,No,n/a,Rename,PrefPrepTypeID,,,,,,,,
,PrefPackagingID,INT,No,No,--/--,PrefItemPackagingID,INT,FK (ItemPackagingTbl),No,No,n/a,Rename,PrefPackagingID,,,,,,,,
,SecondaryPreference,INT,No,No,--/--,SecondaryItemPrefID,INT,FK (ItemsTbl),No,No,n/a,Rename,SecondaryPreference,,,,,,,,
,SecPrefQty,REAL,No,No,--/--,SecPrefQty,REAL,No,No,No,n/a,Copy,SecPrefQty,,,,,,,,
,TypicallySecToo,BIT,No,No,--/--,TypicallySecToo,BIT,No,No,No,n/a,Copy,TypicallySecToo,,,,,,,,
,PreferedAgent,INT,No,No,--/--,PreferedAgentID,INT,FK (PeopleTbl),No,No,n/a,Rename,PreferedAgent,,,,,,,,
,SalesAgentID,INT,No,No,--/--,SalesAgentID,INT,FK (PeopleTbl),No,No,n/a,Copy,SalesAgentID,,,,,,,,
,MachineSN,NVARCHAR(50),No,No,--/--,MachineSN,NVARCHAR(50),No,No,No,n/a,Copy,MachineSN,,,,,,,,
,UsesFilter,BIT,No,No,--/--,UsesFilter,BIT,No,No,No,n/a,Copy,UsesFilter,,,,,,,,
,autofulfill,BIT,No,No,--/--,autofulfill,BIT,No,No,No,n/a,Copy,autofulfill,,,,,,,,
,enabled,BIT,No,No,--/--,enabled,BIT,No,No,No,n/a,Copy,enabled,,,,,,,,
,PredictionDisabled,BIT,No,No,--/--,PredictionDisabled,BIT,No,No,No,n/a,Copy,PredictionDisabled,,,,,,,,
,AlwaysSendChkUp,BIT,No,No,--/--,AlwaysSendChkUp,BIT,No,No,No,n/a,Copy,AlwaysSendChkUp,,,,,,,,
,NormallyResponds,BIT,No,No,--/--,NormallyResponds,BIT,No,No,No,n/a,Copy,NormallyResponds,,,,,,,,
,ReminderCount,INT,No,No,--/--,ReminderCount,INT,No,No,No,n/a,Copy,ReminderCount,,,,,,,,
,Notes,NVARCHAR(536870910),No,No,--/--,Notes,NVARCHAR(536870910),No,No,No,n/a,Copy,Notes,,,,,,,,
,SendDeliveryConfirmation,BIT,No,No,--/--,SendDeliveryConfirmation,BIT,No,No,No,n/a,Copy,SendDeliveryConfirmation,,,,,,,,
,LastDateSentReminder,DATETIME,No,No,--/--,LastDateSentReminder,DATETIME,No,No,No,n/a,Copy,LastDateSentReminder,,,,,,,,
-------------------------------/-------------------------------,,,,,,,,,,,,,,,,,,,,,
Table,Before,After,Action,,,,,,,,,,,,,,,,,,
,CustomerTrackedServiceItemsTbl,ContactTrackedServiceItemsTbl,Rename,,,,,,,,,,,,,,,,,,
Rows:,Before Col name,Before Type,Before Key,Before Auto,--/--,After Col Name,After Type,After Key,After Auto,After NotNull,Presserve ID,Action,Source Col,,,,,,,,
,CustomerTrackedServiceItemsID,INT,No,No,--/--,ContactTrackedServiceItemsID,INT,PK,Yes,No,n/a,Rename,CustomerTrackedServiceItemsID,,,,,,,,
,CustomerTypeID,INT,No,No,--/--,ContactTypeID,INT,FK (ContactsTbl),No,No,n/a,Rename,CustomerTypeID,,,,,,,,
,ServiceTypeID,INT,No,No,--/--,ItemServiceTypeID,INT,FK (ItemServiceTypesTbl),No,No,n/a,Rename,ServiceTypeID,,,,,,,,
,Notes,NVARCHAR(536870910),No,No,--/--,Notes,NVARCHAR(536870910),No,No,No,n/a,Copy,Notes,,,,,,,,
-------------------------------/-------------------------------,,,,,,,,,,,,,,,,,,,,,
Table,Before,After,Action,,,,,,,,,,,,,,,,,,
,CustomerTypeTbl,ContactTypesTbl,Rename,,,,,,,,,,,,,,,,,,
Rows:,Before Col name,Before Type,Before Key,Before Auto,--/--,After Col Name,After Type,After Key,After Auto,After NotNull,Presserve ID,Action,Source Col,,,,,,,,
,CustTypeID,INT,No,No,--/--,ContactTypeID,INT,PK,Yes,No,n/a,Rename,CustTypeID,,,,,,,,
,CustTypeDesc,NVARCHAR(50),No,No,--/--,ContactTypeDesc,NVARCHAR(50),No,No,No,n/a,Rename,CustTypeDesc,,,,,,,,
,Notes,NVARCHAR(536870910),No,No,--/--,Notes,NVARCHAR(536870910),No,No,No,n/a,Copy,Notes,,,,,,,,
-------------------------------/-------------------------------,,,,,,,,,,,,,,,,,,,,,
Table,Before,After,Action,,,,,,,,,,,,,,,,,,
,EquipTypeTbl,EquipTypesTbl,Rename,,,,,,,,,,,,,,,,,,
Rows:,Before Col name,Before Type,Before Key,Before Auto,--/--,After Col Name,After Type,After Key,After Auto,After NotNull,Presserve ID,Action,Source Col,,,,,,,,
,EquipTypeId,INT,No,No,--/--,EquipTypeID,INT,PK,Yes,No,n/a,Rename,EquipTypeId,,,,,,,,
,EquipTypeName,NVARCHAR(50),No,No,--/--,EquipTypeName,NVARCHAR(50),No,No,No,n/a,Copy,EquipTypeName,,,,,,,,
,EquipTypeDesc,NVARCHAR(50),No,No,--/--,EquipTypeDesc,NVARCHAR(50),No,No,No,n/a,Copy,EquipTypeDesc,,,,,,,,
-------------------------------/-------------------------------,,,,,,,,,,,,,,,,,,,,,
Table,Before,After,Action,,,,,,,,,,,,,,,,,,
,HolidayClosureTbl,HolidayClosureTbl,Copy,,,,,,,,,,,,,,,,,,
Rows:,Before Col name,Before Type,Before Key,Before Auto,--/--,After Col Name,After Type,After Key,After Auto,After NotNull,Presserve ID,Action,Source Col,,,,,,,,
,ID,INT,No,No,--/--,HolidayClosureID,INT,PK,Yes,No,n/a,Copy,ID,,,,,,,,
,ClosureDate,DATETIME,No,No,--/--,ClosureDate,DATETIME,No,No,No,n/a,Copy,ClosureDate,,,,,,,,
,DaysClosed,INT,No,No,--/--,DaysClosed,INT,No,No,No,n/a,Copy,DaysClosed,,,,,,,,
,AppliesToPrep,BIT,No,No,--/--,AppliesToPrep,BIT,No,No,No,n/a,Copy,AppliesToPrep,,,,,,,,
,AppliesToDelivery,BIT,No,No,--/--,AppliesToDelivery,BIT,No,No,No,n/a,Copy,AppliesToDelivery,,,,,,,,
,ShiftStrategy,NVARCHAR(20),No,No,--/--,ShiftStrategy,NVARCHAR(20),No,No,No,n/a,Copy,ShiftStrategy,,,,,,,,
,Description,NVARCHAR(255),No,No,--/--,Description,NVARCHAR(255),No,No,No,n/a,Copy,Description,,,,,,,,
-------------------------------/-------------------------------,,,,,,,,,,,,,,,,,,,,,
Table,Before,After,Action,,,,,,,,,,,,,,,,,,
,InvoiceTypeTbl,InvoiceTypesTbl,Rename,,,,,,,,,,,,,,,,,,
Rows:,Before Col name,Before Type,Before Key,Before Auto,--/--,After Col Name,After Type,After Key,After Auto,After NotNull,Presserve ID,Action,Source Col,,,,,,,,
,InvoiceTypeID,INT,No,No,--/--,InvoiceTypeID,INT,PK,Yes,No,n/a,Copy,InvoiceTypeID,,,,,,,,
,InvoiceTypeDesc,NVARCHAR(20),No,No,--/--,InvoiceTypeDesc,NVARCHAR(20),No,No,No,n/a,Copy,InvoiceTypeDesc,,,,,,,,
,Enabled,BIT,No,No,--/--,Enabled,BIT,No,No,No,n/a,Copy,Enabled,,,,,,,,
,Notes,NVARCHAR(536870910),No,No,--/--,Notes,NVARCHAR(536870910),No,No,No,n/a,Copy,Notes,,,,,,,,
-------------------------------/-------------------------------,,,,,,,,,,,,,,,,,,,,,
Table,Before,After,Action,,,,,,,,,,,,,,,,,,
,ItemGroupTbl,ItemGroupsTbl,Rename,,,,,,,,,,,,,,,,,,
Rows:,Before Col name,Before Type,Before Key,Before Auto,--/--,After Col Name,After Type,After Key,After Auto,After NotNull,Presserve ID,Action,Source Col,,,,,,,,
,ItemGroupID,INT,No,No,--/--,ItemGroupID,INT,PK,Yes,No,n/a,Copy,ItemGroupID,,,,,,,,
,GroupItemTypeID,INT,No,No,--/--,GroupReferenceItemID,INT,FK (ItemsTbl),No,No,n/a,Rename,GroupItemTypeID,,,,,,,,
,ItemTypeID,INT,No,No,--/--,ItemID,INT,FK (ItemsTbl),No,No,n/a,Rename,ItemTypeID,,,,,,,,
,ItemTypeSortPos,INT,No,No,--/--,ItemSortPos,INT,No,No,No,n/a,Copy,ItemTypeSortPos,,,,,,,,
,Enabled,BIT,No,No,--/--,Enabled,BIT,No,No,No,n/a,Copy,Enabled,,,,,,,,
,Notes,NVARCHAR(536870910),No,No,--/--,Notes,NVARCHAR(536870910),No,No,No,n/a,Copy,Notes,,,,,,,,
-------------------------------/-------------------------------,,,,,,,,,,,,,,,,,,,,,
Table,Before,After,Action,,,,,,,,,,,,,,,,,,
,ItemTypeTbl,ItemsTbl,Rename,,,,,,,,,,,,,,,,,,
Rows:,Before Col name,Before Type,Before Key,Before Auto,--/--,After Col Name,After Type,After Key,After Auto,After NotNull,Presserve ID,Action,Source Col,,,,,,,,
,ItemTypeID,INT,No,No,--/--,ItemID,INT,PK,Yes,No,n/a,Rename,ItemTypeID,,,,,,,,
,SKU,NVARCHAR(20),No,No,--/--,SKU,NVARCHAR(20),No,No,No,n/a,Copy,SKU,,,,,,,,
,ItemDesc,NVARCHAR(50),No,No,--/--,ItemDesc,NVARCHAR(50),No,No,No,n/a,Copy,ItemDesc,,,,,,,,
,ItemEnabled,BIT,No,No,--/--,ItemEnabled,BIT,No,No,No,n/a,Copy,ItemEnabled,,,,,,,,
,ItemsCharacteritics,NVARCHAR(50),No,No,--/--,ItemsCharacteritics,NVARCHAR(50),No,No,No,n/a,Copy,ItemsCharacteritics,,,,,,,,
,ItemDetail,NVARCHAR(536870910),No,No,--/--,ItemDetail,NVARCHAR(536870910),No,No,No,n/a,Copy,ItemDetail,,,,,,,,
,ServiceTypeId,INT,No,No,--/--,ItemServiceTypeID,INT,FK (ItemServiceTypesTbl),No,No,n/a,Rename,ServiceTypeId,,,,,,,,
,ReplacementID,INT,No,No,--/--,ReplacementItemID,INT,FK (ItemsTbl),No,No,n/a,Rename,ReplacementID,,,,,,,,
,ItemShortName,NVARCHAR(10),No,No,--/--,ItemShortName,NVARCHAR(10),No,No,No,n/a,Copy,ItemShortName,,,,,,,,
,SortOrder,INT,No,No,--/--,SortOrder,INT,No,No,No,n/a,Copy,SortOrder,,,,,,,,
,UnitsPerQty,REAL,No,No,--/--,UnitsPerQty,REAL,No,No,No,n/a,Copy,UnitsPerQty,,,,,,,,
,ItemUnitID,INT,No,No,--/--,ItemUnitID,INT,FK (ItemUnitsTbl),No,No,n/a,Copy,ItemUnitID,,,,,,,,
,BasePrice,REAL,No,No,--/--,BasePrice,REAL,No,No,No,n/a,Copy,BasePrice,,,,,,,,
-------------------------------/-------------------------------,,,,,,,,,,,,,,,,,,,,,
Table,Before,After,Action,,,,,,,,,,,,,,,,,,
,ItemUnitsTbl,ItemUnitsTbl,Copy,,,,,,,,,,,,,,,,,,
Rows:,Before Col name,Before Type,Before Key,Before Auto,--/--,After Col Name,After Type,After Key,After Auto,After NotNull,Presserve ID,Action,Source Col,,,,,,,,
,ItemUnitID,INT,No,No,--/--,ItemUnitID,INT,PK,Yes,No,n/a,Copy,ItemUnitID,,,,,,,,
,UnitOfMeasure,NVARCHAR(5),No,No,--/--,UnitOfMeasure,NVARCHAR(5),No,No,No,n/a,Copy,UnitOfMeasure,,,,,,,,
,UnitDescription,NVARCHAR(50),No,No,--/--,UnitDescription,NVARCHAR(50),No,No,No,n/a,Copy,UnitDescription,,,,,,,,
-------------------------------/-------------------------------,,,,,,,,,,,,,,,,,,,,,
Table,Before,After,Action,,,,,,,,,,,,,,,,,,
,ItemUsageTbl,ContactItemUsageTbl,Rename,,,,,,,,,,,,,,,,,,
Rows:,Before Col name,Before Type,Before Key,Before Auto,--/--,After Col Name,After Type,After Key,After Auto,After NotNull,Presserve ID,Action,Source Col,,,,,,,,
,ClientUsageLineNo,INT,No,No,--/--,ContactUsageLineNo,INT,PK,Yes,No,n/a,Rename,ClientUsageLineNo,,,,,,,,
,CustomerID,INT,No,No,--/--,ContactID,INT,FK (ContactsTbl),No,No,n/a,Rename,CustomerID,,,,,,,,
,Date,DATETIME,No,No,--/--,DeliveryDate,DATETIME,No,No,No,n/a,Rename,Date,,,,,,,,
,ItemProvided,INT,No,No,--/--,ItemProvidedID,INT,FK (ItemsTbl),No,No,n/a,Rename,ItemProvided,,,,,,,,
,AmountProvided,REAL,No,No,--/--,QtyProvided,REAL,No,No,No,n/a,Rename,AmountProvided,,,,,,,,
,PrepTypeID,INT,No,No,--/--,ItemPrepTypeID,INT,FK (ItemPrepTypesTbl),No,No,n/a,Rename,PrepTypeID,,,,,,,,
,PackagingID,INT,No,No,--/--,ItemPackagingID,INT,FK (ItemPackagingTbl),No,No,n/a,Rename,PackagingID,,,,,,,,
,Notes,NVARCHAR(150),No,No,--/--,Notes,NVARCHAR(150),No,No,No,n/a,Copy,Notes,,,,,,,,
-------------------------------/-------------------------------,,,,,,,,,,,,,,,,,,,,,
Table,Before,After,Action,,,,,,,,,,,,,,,,,,
,MachineConditionsTbl,EquipConditionsTbl,Copy,,,,,,,,,,,,,,,,,,
Rows:,Before Col name,Before Type,Before Key,Before Auto,--/--,After Col Name,After Type,After Key,After Auto,After NotNull,Presserve ID,Action,Source Col,,,,,,,,
,MachineConditionID,INT,No,No,--/--,EquipConditionID,INT,PK,Yes,No,n/a,Rename,MachineConditionID,,,,,,,,
,ConditionDesc,NVARCHAR(50),No,No,--/--,ConditionDesc,NVARCHAR(50),No,No,No,n/a,Copy,ConditionDesc,,,,,,,,
,SortOrder,INT,No,No,--/--,SortOrder,INT,No,No,No,n/a,Copy,SortOrder,,,,,,,,
,Notes,NVARCHAR(536870910),No,No,--/--,Notes,NVARCHAR(536870910),No,No,No,n/a,Copy,Notes,,,,,,,,
-------------------------------/-------------------------------,,,,,,,,,,,,,,,,,,,,,
Table,Before,After,Action,,,,,,,,,,,,,,,,,,
,NextRoastDateByCityTbl,NextPrepDateByAreaTbl,Rename,,,,,,,,,,,,,,,,,,
Rows:,Before Col name,Before Type,Before Key,Before Auto,--/--,After Col Name,After Type,After Key,After Auto,After NotNull,Presserve ID,Action,Source Col,,,,,,,,
,NextRoastDayID,INT,No,No,--/--,NextPrepDayID,INT,PK,Yes,No,n/a,Rename,NextRoastDayID,,,,,,,,
,CityID,INT,No,No,--/--,AreaID,INT,FK (AreasTbl),No,No,n/a,Rename,CityID,,,,,,,,
,PreperationDate,DATETIME,No,No,--/--,PreperationDate,DATETIME,No,No,No,n/a,Copy,PreperationDate,,,,,,,,
,DeliveryDate,DATETIME,No,No,--/--,DeliveryDate,DATETIME,No,No,No,n/a,Copy,DeliveryDate,,,,,,,,
,DeliveryOrder,SMALLINT,No,No,--/--,DeliveryOrder,SMALLINT,No,No,No,n/a,Copy,DeliveryOrder,,,,,,,,
,NextPreperationDate,DATETIME,No,No,--/--,NextPrepDate,DATETIME,No,No,No,n/a,Rename,NextPreperationDate,,,,,,,,
,NextDeliveryDate,DATETIME,No,No,--/--,NextDeliveryDate,DATETIME,No,No,No,n/a,Copy,NextDeliveryDate,,,,,,,,
-------------------------------/-------------------------------,,,,,,,,,,,,,,,,,,,,,
Table,Before,After,Action,,,,,,,,,,,,,,,,,,
,PackagingTbl,ItemPackagingTbl,Rename,,,,,,,,,,,,,,,,,,
Rows:,Before Col name,Before Type,Before Key,Before Auto,--/--,After Col Name,After Type,After Key,After Auto,After NotNull,Presserve ID,Action,Source Col,,,,,,,,
,PackagingID,INT,No,No,--/--,ItemPackagingID,INT,PK,Yes,No,n/a,Rename,PackagingID,,,,,,,,
,Description,NVARCHAR(50),No,No,--/--,ItemPrepDescription,NVARCHAR(50),No,No,No,n/a,Rename,Description,,,,,,,,
,AdditionalNotes,NVARCHAR(255),No,No,--/--,AdditionalNotes,NVARCHAR(255),No,No,No,n/a,Copy,AdditionalNotes,,,,,,,,
,Symbol,NVARCHAR(255),No,No,--/--,Symbol,NVARCHAR(255),No,No,No,n/a,Copy,Symbol,,,,,,,,
,Colour,INT,No,No,--/--,Colour,INT,No,No,No,n/a,Copy,Colour,,,,,,,,
,BGColour,NVARCHAR(9),No,No,--/--,BGColour,NVARCHAR(9),No,No,No,n/a,Copy,BGColour,,,,,,,,
-------------------------------/-------------------------------,,,,,,,,,,,,,,,,,,,,,
Table,Before,After,Action,,,,,,,,,,,,,,,,,,
,PaymentTermsTbl,PaymentTermsTbl,Copy,,,,,,,,,,,,,,,,,,
Rows:,Before Col name,Before Type,Before Key,Before Auto,--/--,After Col Name,After Type,After Key,After Auto,After NotNull,Presserve ID,Action,Source Col,,,,,,,,
,PaymentTermID,INT,No,No,--/--,PaymentTermID,INT,PK,Yes,No,n/a,Copy,PaymentTermID,,,,,,,,
,PaymentTermDesc,NVARCHAR(20),No,No,--/--,PaymentTermDesc,NVARCHAR(20),No,No,No,n/a,Copy,PaymentTermDesc,,,,,,,,
,PaymentDays,INT,No,No,--/--,PaymentDays,INT,No,No,No,n/a,Copy,PaymentDays,,,,,,,,
,DayOfMonth,INT,No,No,--/--,DayOfMonth,INT,No,No,No,n/a,Copy,DayOfMonth,,,,,,,,
,UseDays,BIT,No,No,--/--,UseDays,BIT,No,No,No,n/a,Copy,UseDays,,,,,,,,
,Enabled,BIT,No,No,--/--,Enabled,BIT,No,No,No,n/a,Copy,Enabled,,,,,,,,
,Notes,NVARCHAR(536870910),No,No,--/--,Notes,NVARCHAR(536870910),No,No,No,n/a,Copy,Notes,,,,,,,,
-------------------------------/-------------------------------,,,,,,,,,,,,,,,,,,,,,
Table,Before,After,Action,,,,,,,,,,,,,,,,,,
,PersonsTbl,PeopleTbl,Rename,,,,,,,,,,,,,,,,,,
Rows:,Before Col name,Before Type,Before Key,Before Auto,--/--,After Col Name,After Type,After Key,After Auto,After NotNull,Presserve ID,Action,Source Col,,,,,,,,
,PersonID,INT,No,No,--/--,PersonID,INT,PK,Yes,No,n/a,Copy,PersonID,,,,,,,,
,Person,NVARCHAR(50),No,No,--/--,Person,NVARCHAR(50),No,No,No,n/a,Copy,Person,,,,,,,,
,Abreviation,NVARCHAR(5),No,No,--/--,Abbreviation,NVARCHAR(5),No,No,No,n/a,Rename,Abreviation,,,,,,,,
,Enabled,BIT,No,No,--/--,Enabled,BIT,No,No,No,n/a,Copy,Enabled,,,,,,,,
,NormalDeliveryDoW,INT,No,No,--/--,NormalDeliveryDoW,INT,No,No,No,n/a,Copy,NormalDeliveryDoW,,,,,,,,
,SecurityUsername,NVARCHAR(255),No,No,--/--,SecurityUsername,NVARCHAR(255),No,No,No,n/a,Copy,SecurityUsername,,,,,,,,
-------------------------------/-------------------------------,,,,,,,,,,,,,,,,,,,,,
Table,Before,After,Action,,,,,,,,,,,,,,,,,,
,PrepTypesTbl,ItemPrepTypesTbl,Rename,,,,,,,,,,,,,,,,,,
Rows:,Before Col name,Before Type,Before Key,Before Auto,--/--,After Col Name,After Type,After Key,After Auto,After NotNull,Presserve ID,Action,Source Col,,,,,,,,
,PrepID,INT,No,No,--/--,ItemPrepID,INT,PK,Yes,No,n/a,Rename,PrepID,,,,,,,,
,PrepType,NVARCHAR(50),No,No,--/--,ItemPrepType,NVARCHAR(50),No,No,No,n/a,Rename,PrepType,,,,,,,,
,IdentifyingChar,NVARCHAR(1),No,No,--/--,IdentifyingChar,NVARCHAR(1),No,No,No,n/a,Copy,IdentifyingChar,,,,,,,,
-------------------------------/-------------------------------,,,,,,,,,,,,,,,,,,,,,
Table,Before,After,Action,,,,,,,,,,,,,,,,,,
,PriceLevelsTbl,PriceLevelsTbl,Copy,,,,,,,,,,,,,,,,,,
Rows:,Before Col name,Before Type,Before Key,Before Auto,--/--,After Col Name,After Type,After Key,After Auto,After NotNull,Presserve ID,Action,Source Col,,,,,,,,
,PriceLevelID,INT,No,No,--/--,PriceLevelID,INT,PK,Yes,No,n/a,Copy,PriceLevelID,,,,,,,,
,PriceLevelDesc,NVARCHAR(20),No,No,--/--,PriceLevelDesc,NVARCHAR(20),No,No,No,n/a,Copy,PriceLevelDesc,,,,,,,,
,PricingFactor,REAL,No,No,--/--,PricingFactor,REAL,No,No,No,n/a,Copy,PricingFactor,,,,,,,,
,Enabled,BIT,No,No,--/--,Enabled,BIT,No,No,No,n/a,Copy,Enabled,,,,,,,,
,Notes,NVARCHAR(536870910),No,No,--/--,Notes,NVARCHAR(536870910),No,No,No,n/a,Copy,Notes,,,,,,,,
-------------------------------/-------------------------------,,,,,,,,,,,,,,,,,,,,,
Table,Before,After,Action,,,,,,,,,,,,,,,,,,
,ReoccuranceTypeTbl,RecurranceTypesTbl,Rename,,,,,,,,,,,,,,,,,,
Rows:,Before Col name,Before Type,Before Key,Before Auto,--/--,After Col Name,After Type,After Key,After Auto,After NotNull,Presserve ID,Action,Source Col,,,,,,,,
,ID,INT,No,No,--/--,RecurringTypeID,INT,PK,Yes,No,n/a,Rename,ID,,,,,,,,
,Type,NVARCHAR(255),No,No,--/--,RecurringTypeDesc,NVARCHAR(255),No,No,No,n/a,Rename,Type,,,,,,,,
-------------------------------/-------------------------------,,,,,,,,,,,,,,,,,,,,,
Table,Before,After,Action,,,,,,,,,,,,,,,,,,
,RepairFaultsTbl,RepairFaultsTbl,Copy,,,,,,,,,,,,,,,,,,
Rows:,Before Col name,Before Type,Before Key,Before Auto,--/--,After Col Name,After Type,After Key,After Auto,After NotNull,Presserve ID,Action,Source Col,,,,,,,,
,RepairFaultID,INT,No,No,--/--,RepairFaultID,INT,PK,Yes,No,n/a,Copy,RepairFaultID,,,,,,,,
,RepairFaultDesc,NVARCHAR(50),No,No,--/--,RepairFaultDesc,NVARCHAR(50),No,No,No,n/a,Copy,RepairFaultDesc,,,,,,,,
,SortOrder,INT,No,No,--/--,SortOrder,INT,No,No,No,n/a,Copy,SortOrder,,,,,,,,
,Notes,NVARCHAR(536870910),No,No,--/--,Notes,NVARCHAR(536870910),No,No,No,n/a,Copy,Notes,,,,,,,,
-------------------------------/-------------------------------,,,,,,,,,,,,,,,,,,,,,
Table,Before,After,Action,,,,,,,,,,,,,,,,,,
,RepairStatusesTbl,RepairStatusesTbl,Copy,,,,,,,,,,,,,,,,,,
Rows:,Before Col name,Before Type,Before Key,Before Auto,--/--,After Col Name,After Type,After Key,After Auto,After NotNull,Presserve ID,Action,Source Col,,,,,,,,
,RepairStatusID,INT,No,No,--/--,RepairStatusID,INT,PK,Yes,No,n/a,Copy,RepairStatusID,,,,,,,,
,RepairStatusDesc,NVARCHAR(50),No,No,--/--,RepairStatusDesc,NVARCHAR(50),No,No,No,n/a,Copy,RepairStatusDesc,,,,,,,,
,EmailClient,BIT,No,No,--/--,EmailContact,BIT,No,No,No,n/a,Rename,EmailClient,,,,,,,,
,SortOrder,INT,No,No,--/--,SortOrder,INT,No,No,No,n/a,Copy,SortOrder,,,,,,,,
,Notes,NVARCHAR(536870910),No,No,--/--,Notes,NVARCHAR(536870910),No,No,No,n/a,Copy,Notes,,,,,,,,
,StatusNote,NVARCHAR(255),No,No,--/--,StatusNote,NVARCHAR(255),No,No,No,n/a,Copy,StatusNote,,,,,,,,
-------------------------------/-------------------------------,,,,,,,,,,,,,,,,,,,,,
Table,Before,After,Action,,,,,,,,,,,,,,,,,,
,RepairsTbl,RepairsTbl,Copy,,,,,,,,,,,,,,,,,,
Rows:,Before Col name,Before Type,Before Key,Before Auto,--/--,After Col Name,After Type,After Key,After Auto,After NotNull,Presserve ID,Action,Source Col,,,,,,,,
,RepairID,INT,No,No,--/--,RepairID,INT,PK,Yes,No,n/a,Copy,RepairID,,,,,,,,
,CustomerID,INT,No,No,--/--,ContactID,INT,FK (ContactsTbl),No,No,n/a,Rename,CustomerID,,,,,,,,
,ContactName,NVARCHAR(50),No,No,--/--,ContactName,NVARCHAR(50),No,No,No,n/a,Copy,ContactName,,,,,,,,
,ContactEmail,NVARCHAR(50),No,No,--/--,ContactEmail,NVARCHAR(50),No,No,No,n/a,Copy,ContactEmail,,,,,,,,
,JobCardNumber,NVARCHAR(20),No,No,--/--,JobCardNumber,NVARCHAR(20),No,No,No,n/a,Copy,JobCardNumber,,,,,,,,
,DateLogged,DATETIME,No,No,--/--,DateLogged,DATETIME,No,No,No,n/a,Copy,DateLogged,,,,,,,,
,LastStatusChange,DATETIME,No,No,--/--,LastStatusChange,DATETIME,No,No,No,n/a,Copy,LastStatusChange,,,,,,,,
,MachineTypeID,INT,No,No,--/--,EquipTypeID,INT,FK (EquipTypesTbl),No,No,n/a,Rename,MachineTypeID,,,,,,,,
,MachineSerialNumber,NVARCHAR(50),No,No,--/--,EquipSerialNumber,NVARCHAR(50),No,No,No,n/a,Rename,MachineSerialNumber,,,,,,,,
,SwopOutMachineID,INT,No,No,--/--,SwopOutMachineID,INT,No,No,No,n/a,Copy,SwopOutMachineID,,,,,,,,
,MachineConditionID,INT,No,No,--/--,EquipConditionID,INT,FK (EquipConditionsTbl),No,No,n/a,Copy,MachineConditionID,,,,,,,,
,TakenFrother,BIT,No,No,--/--,TakenFrother,BIT,No,No,No,n/a,Copy,TakenFrother,,,,,,,,
,TakenBeanLid,BIT,No,No,--/--,TakenBeanLid,BIT,No,No,No,n/a,Copy,TakenBeanLid,,,,,,,,
,TakenWaterLid,BIT,No,No,--/--,TakenWaterLid,BIT,No,No,No,n/a,Copy,TakenWaterLid,,,,,,,,
,BrokenFrother,BIT,No,No,--/--,BrokenFrother,BIT,No,No,No,n/a,Copy,BrokenFrother,,,,,,,,
,BrokenBeanLid,BIT,No,No,--/--,BrokenBeanLid,BIT,No,No,No,n/a,Copy,BrokenBeanLid,,,,,,,,
,BrokenWaterLid,BIT,No,No,--/--,BrokenWaterLid,BIT,No,No,No,n/a,Copy,BrokenWaterLid,,,,,,,,
,RepairFaultID,INT,No,No,--/--,RepairFaultID,INT,FK (RepairFaultsTbl),No,No,n/a,Copy,RepairFaultID,,,,,,,,
,RepairFaultDesc,NVARCHAR(255),No,No,--/--,RepairFaultDesc,NVARCHAR(255),No,No,No,n/a,Copy,RepairFaultDesc,,,,,,,,
,RepairStatusID,INT,No,No,--/--,RepairStatusID,INT,FK (RepairStatusesTbl),No,No,n/a,Copy,RepairStatusID,,,,,,,,
,RelatedOrderID,INT,No,No,--/--,RelatedOrderID,INT,FK (OrdersTbl),No,No,n/a,Copy,RelatedOrderID,,,,,,,,
,Notes,NVARCHAR(536870910),No,No,--/--,Notes,NVARCHAR(536870910),No,No,No,n/a,Copy,Notes,,,,,,,,
-------------------------------/-------------------------------,,,,,,,,,,,,,,,,,,,,,
Table,Before,After,Action,,,,,,,,,,,,,,,,,,
,SectionTypesTbl,SectionTypesTbl,Copy,,,,,,,,,,,,,,,,,,
Rows:,Before Col name,Before Type,Before Key,Before Auto,--/--,After Col Name,After Type,After Key,After Auto,After NotNull,Presserve ID,Action,Source Col,,,,,,,,
,SectionID,INT,No,No,--/--,SectionID,INT,PK,Yes,No,n/a,Copy,SectionID,,,,,,,,
,SectionType,NVARCHAR(50),No,No,--/--,SectionType,NVARCHAR(50),No,No,No,n/a,Copy,SectionType,,,,,,,,
,Notes,NVARCHAR(536870910),No,No,--/--,Notes,NVARCHAR(536870910),No,No,No,n/a,Copy,Notes,,,,,,,,
-------------------------------/-------------------------------,,,,,,,,,,,,,,,,,,,,,
Table,Before,After,Action,,,,,,,,,,,,,,,,,,
,SendCheckEmailTextsTbl,SendCheckupEmailTextsTbl,Rename,,,,,,,,,,,,,,,,,,
Rows:,Before Col name,Before Type,Before Key,Before Auto,--/--,After Col Name,After Type,After Key,After Auto,After NotNull,Presserve ID,Action,Source Col,,,,,,,,
,SCEMTID,INT,No,No,--/--,SCEMTID,INT,PK,Yes,No,n/a,Copy,SCEMTID,,,,,,,,
,Header,NVARCHAR(536870910),No,No,--/--,HeaderText,NVARCHAR(536870910),No,No,No,n/a,Rename,Header,,,,,,,,
,Body,NVARCHAR(536870910),No,No,--/--,BodyText,NVARCHAR(536870910),No,No,No,n/a,Rename,Body,,,,,,,,
,Footer,NVARCHAR(536870910),No,No,--/--,FooterText,NVARCHAR(536870910),No,No,No,n/a,Rename,Footer,,,,,,,,
,DateLastChange,DATETIME,No,No,--/--,DateLastChange,DATETIME,No,No,No,n/a,Copy,DateLastChange,,,,,,,,
,Notes,NVARCHAR(536870910),No,No,--/--,Notes,NVARCHAR(536870910),No,No,No,n/a,Copy,Notes,,,,,,,,
-------------------------------/-------------------------------,,,,,,,,,,,,,,,,,,,,,
Table,Before,After,Action,,,,,,,,,,,,,,,,,,
,SentRemindersLogTbl,SentRemindersLogTbl,Copy,,,,,,,,,,,,,,,,,,
Rows:,Before Col name,Before Type,Before Key,Before Auto,--/--,After Col Name,After Type,After Key,After Auto,After NotNull,Presserve ID,Action,Source Col,,,,,,,,
,ReminderID,INT,No,No,--/--,ReminderID,INT,PK,Yes,No,n/a,Copy,ReminderID,,,,,,,,
,CustomerID,INT,No,No,--/--,ContactID,INT,FK (ContactsTbl),No,No,n/a,Rename,CustomerID,,,,,,,,
,DateSentReminder,DATETIME,No,No,--/--,DateSentReminder,DATETIME,No,No,No,n/a,Copy,DateSentReminder,,,,,,,,
,NextPrepDate,DATETIME,No,No,--/--,NextPrepDate,DATETIME,No,No,No,n/a,Copy,NextPrepDate,,,,,,,,
,ReminderSent,BIT,No,No,--/--,ReminderSent,BIT,No,No,No,n/a,Copy,ReminderSent,,,,,,,,
,HadAutoFulfilItem,BIT,No,No,--/--,HadAutoFulfilItem,BIT,No,No,No,n/a,Copy,HadAutoFulfilItem,,,,,,,,
,HadReoccurItems,BIT,No,No,--/--,HadRecurrItems,BIT,No,No,No,n/a,Rename,HadReoccurItems,,,,,,,,
-------------------------------/-------------------------------,,,,,,,,,,,,,,,,,,,,,
Table,Before,After,Action,,,,,,,,,,,,,,,,,,
,ServiceTypesTbl,ItemServiceTypesTbl,Rename,,,,,,,,,,,,,,,,,,
Rows:,Before Col name,Before Type,Before Key,Before Auto,--/--,After Col Name,After Type,After Key,After Auto,After NotNull,Presserve ID,Action,Source Col,,,,,,,,
,ServiceTypeId,INT,No,No,--/--,ItemServiceTypeID,INT,PK,Yes,No,n/a,Rename,ServiceTypeId,,,,,,,,
,ServiceType,NVARCHAR(20),No,No,--/--,ItemServiceType,NVARCHAR(20),No,No,No,n/a,Rename,ServiceType,,,,,,,,
,Description,NVARCHAR(100),No,No,--/--,Description,NVARCHAR(100),No,No,No,n/a,Copy,Description,,,,,,,,
,PackagingID,INT,No,No,--/--,ItemPackagingID,INT,FK (ItemPackagingTbl),No,No,n/a,Rename,PackagingID,,,,,,,,
,PrepTypeID,INT,No,No,--/--,ItemPrepTypeID,INT,FK (ItemPrepTypesTbl),No,No,n/a,Rename,PrepTypeID,,,,,,,,
-------------------------------/-------------------------------,,,,,,,,,,,,,,,,,,,,,
Table,Before,After,Action,,,,,,,,,,,,,,,,,,
,SysDataTbl,SysDataTbl,Copy,,,,,,,,,,,,,,,,,,
Rows:,Before Col name,Before Type,Before Key,Before Auto,--/--,After Col Name,After Type,After Key,After Auto,After NotNull,Presserve ID,Action,Source Col,,,,,,,,
,ID,INT,No,No,--/--,ID,INT,PK,Yes,No,n/a,Copy,ID,,,,,,,,
,LastReoccurringDate,DATETIME,No,No,--/--,LastReoccurringDate,DATETIME,No,No,No,n/a,Copy,LastReoccurringDate,,,,,,,,
,DoReoccuringOrders,BIT,No,No,--/--,DoReoccuringOrders,BIT,No,No,No,n/a,Copy,DoReoccuringOrders,,,,,,,,
,DateLastPrepDateCalcd,DATETIME,No,No,--/--,DateLastPrepDateCalcd,DATETIME,No,No,No,n/a,Copy,DateLastPrepDateCalcd,,,,,,,,
,MinReminderDate,DATETIME,No,No,--/--,MinReminderDate,DATETIME,No,No,No,n/a,Copy,MinReminderDate,,,,,,,,
,GroupItemTypeID,INT,No,No,--/--,GroupReferenceItemID,INT,FK (ItemsTbl),No,No,n/a,Rename,GroupItemTypeID,,,,,,,,
,InternalCustomerIds,NVARCHAR(255),No,No,--/--,InternalContactIDs,NVARCHAR(255),No,No,No,n/a,Rename,InternalCustomerIds,,,,,,,,
-------------------------------/-------------------------------,,,,,,,,,,,,,,,,,,,,,
Table,Before,After,Action,,,,,,,,,,,,,,,,,,
,TempCoffeecheckupCustomerTbl,TempCoffeecheckupCustomerTbl,Copy,,,,,,,,,,,,,,,,,,
Rows:,Before Col name,Before Type,Before Key,Before Auto,--/--,After Col Name,After Type,After Key,After Auto,After NotNull,Presserve ID,Action,Source Col,,,,,,,,
,TCCID,INT,No,No,--/--,TCCID,INT,PK,Yes,No,n/a,Copy,TCCID,,,,,,,,
,CustomerID,INT,No,No,--/--,ContactID,INT,FK (ContactsTbl),No,No,n/a,Rename,CustomerID,,,,,,,,
,CompanyName,NVARCHAR(50),No,No,--/--,CompanyName,NVARCHAR(50),No,No,No,n/a,Copy,CompanyName,,,,,,,,
,ContactFirstName,NVARCHAR(50),No,No,--/--,ContactFirstName,NVARCHAR(50),No,No,No,n/a,Copy,ContactFirstName,,,,,,,,
,ContactAltFirstName,NVARCHAR(50),No,No,--/--,ContactAltFirstName,NVARCHAR(50),No,No,No,n/a,Copy,ContactAltFirstName,,,,,,,,
,CityID,INT,No,No,--/--,AreaID,INT,FK (AreasTbl),No,No,n/a,Rename,CityID,,,,,,,,
,EmailAddress,NVARCHAR(50),No,No,--/--,EmailAddress,NVARCHAR(50),No,No,No,n/a,Copy,EmailAddress,,,,,,,,
,AltEmailAddress,NVARCHAR(50),No,No,--/--,AltEmailAddress,NVARCHAR(50),No,No,No,n/a,Copy,AltEmailAddress,,,,,,,,
,CustomerTypeID,INT,No,No,--/--,ContactTypeID,INT,FK (ContactTypesTbl),No,No,n/a,Rename,CustomerTypeID,,,,,,,,
,EquipTypeID,INT,No,No,--/--,EquipTypeID,INT,FK (EquipTypesTbl),No,No,n/a,Copy,EquipTypeID,,,,,,,,
,TypicallySecToo,BIT,No,No,--/--,TypicallySecToo,BIT,No,No,No,n/a,Copy,TypicallySecToo,,,,,,,,
,PreferedAgentID,INT,No,No,--/--,PreferedAgentID,INT,FK (PeopleTbl),No,No,n/a,Copy,PreferedAgentID,,,,,,,,
,SalesAgentID,INT,No,No,--/--,SalesAgentID,INT,FK (PeopleTbl),No,No,n/a,Copy,SalesAgentID,,,,,,,,
,UsesFilter,BIT,No,No,--/--,UsesFilter,BIT,No,No,No,n/a,Copy,UsesFilter,,,,,,,,
,enabled,BIT,No,No,--/--,Enabled,BIT,No,No,No,n/a,Rename,enabled,,,,,,,,
,AlwaysSendChkUp,BIT,No,No,--/--,AlwaysSendChkUp,BIT,No,No,No,n/a,Copy,AlwaysSendChkUp,,,,,,,,
,ReminderCount,INT,No,No,--/--,ReminderCount,INT,No,No,No,n/a,Copy,ReminderCount,,,,,,,,
,NextPrepDate,DATETIME,No,No,--/--,NextPrepDate,DATETIME,No,No,No,n/a,Copy,NextPrepDate,,,,,,,,
,NextDeliveryDate,DATETIME,No,No,--/--,NextDeliveryDate,DATETIME,No,No,No,n/a,Copy,NextDeliveryDate,,,,,,,,
,NextCoffee,DATETIME,No,No,--/--,NextCoffee,DATETIME,No,No,No,n/a,Copy,NextCoffee,,,,,,,,
,NextClean,DATETIME,No,No,--/--,NextClean,DATETIME,No,No,No,n/a,Copy,NextClean,,,,,,,,
,NextFilter,DATETIME,No,No,--/--,NextFilter,DATETIME,No,No,No,n/a,Copy,NextFilter,,,,,,,,
,NextDescal,DATETIME,No,No,--/--,NextDescal,DATETIME,No,No,No,n/a,Copy,NextDescal,,,,,,,,
,NextService,DATETIME,No,No,--/--,NextService,DATETIME,No,No,No,n/a,Copy,NextService,,,,,,,,
,RequiresPurchOrder,BIT,No,No,--/--,RequiresPurchOrder,BIT,No,No,No,n/a,Copy,RequiresPurchOrder,,,,,,,,
-------------------------------/-------------------------------,,,,,,,,,,,,,,,,,,,,,
Table,Before,After,Action,,,,,,,,,,,,,,,,,,
,TempCoffeecheckupItemsTbl,TempCoffeecheckupItemsTbl,Copy,,,,,,,,,,,,,,,,,,
Rows:,Before Col name,Before Type,Before Key,Before Auto,--/--,After Col Name,After Type,After Key,After Auto,After NotNull,Presserve ID,Action,Source Col,,,,,,,,
,TCIID,INT,No,No,--/--,TCIID,INT,PK,Yes,No,n/a,Copy,TCIID,,,,,,,,
,CustomerID,INT,No,No,--/--,ContactID,INT,FK (ContactsTbl),No,No,n/a,Rename,CustomerID,,,,,,,,
,ItemID,INT,No,No,--/--,ItemID,INT,FK (ItemsTbl),No,No,n/a,Copy,ItemID,,,,,,,,
,ItemQty,REAL,No,No,--/--,ItemQty,REAL,No,No,No,n/a,Copy,ItemQty,,,,,,,,
,ItemPrepID,INT,No,No,--/--,ItemPrepID,INT,FK (ItemPrepTypesTbl),No,No,n/a,Copy,ItemPrepID,,,,,,,,
,ItemPackagID,INT,No,No,--/--,ItemPackagingID,INT,FK (ItemPackagingTbl),No,No,n/a,Rename,ItemPackagID,,,,,,,,
,AutoFulfill,BIT,No,No,--/--,AutoFulfill,BIT,No,No,No,n/a,Copy,AutoFulfill,,,,,,,,
,NextDateRequired,DATETIME,No,No,--/--,NextDateRequired,DATETIME,No,No,No,n/a,Copy,NextDateRequired,,,,,,,,
,ReoccurOrderID,INT,No,No,--/--,RecurringOrderItemID,INT,FK (RecurringOrderItemsTbl),No,No,n/a,Rename,ReoccurOrderID,,,,,,,,
-------------------------------/-------------------------------,,,,,,,,,,,,,,,,,,,,,
Table,Before,After,Action,,,,,,,,,,,,,,,,,,
,TempOrdersHeaderTbl,TempOrdersHeaderTbl,Copy,,,,,,,,,,,,,,,,,,
Rows:,Before Col name,Before Type,Before Key,Before Auto,--/--,After Col Name,After Type,After Key,After Auto,After NotNull,Presserve ID,Action,Source Col,,,,,,,,
,TOHeaderID,INT,No,No,--/--,TOHeaderID,INT,PK,Yes,No,n/a,Copy,TOHeaderID,,,,,,,,
,CustomerID,INT,No,No,--/--,ContactID,INT,FK (ContactsTbl),No,No,n/a,Rename,CustomerID,,,,,,,,
,OrderDate,DATETIME,No,No,--/--,OrderDate,DATETIME,No,No,No,n/a,Copy,OrderDate,,,,,,,,
,RoastDate,DATETIME,No,No,--/--,RoastDate,DATETIME,No,No,No,n/a,Copy,RoastDate,,,,,,,,
,RequiredByDate,DATETIME,No,No,--/--,RequiredByDate,DATETIME,No,No,No,n/a,Copy,RequiredByDate,,,,,,,,
,ToBeDeliveredByID,INT,No,No,--/--,ToBeDeliveredByID,INT,FK (PeopleTbl),No,No,n/a,Copy,ToBeDeliveredByID,,,,,,,,
,Confirmed,BIT,No,No,--/--,Confirmed,BIT,No,No,No,n/a,Copy,Confirmed,,,,,,,,
,Done,BIT,No,No,--/--,Done,BIT,No,No,No,n/a,Copy,Done,,,,,,,,
,Notes,NVARCHAR(536870910),No,No,--/--,Notes,NVARCHAR(536870910),No,No,No,n/a,Copy,Notes,,,,,,,,
-------------------------------/-------------------------------,,,,,,,,,,,,,,,,,,,,,
Table,Before,After,Action,,,,,,,,,,,,,,,,,,
,TempOrdersLinesTbl,TempOrdersLinesTbl,Copy,,,,,,,,,,,,,,,,,,
Rows:,Before Col name,Before Type,Before Key,Before Auto,--/--,After Col Name,After Type,After Key,After Auto,After NotNull,Presserve ID,Action,Source Col,,,,,,,,
,TOLineID,INT,No,No,--/--,TOLineID,INT,PK,Yes,No,n/a,Copy,TOLineID,,,,,,,,
,TOHeaderID,INT,No,No,--/--,TOHeaderID,INT,FK (TempOrdersHeaderTbl),No,No,n/a,Copy,TOHeaderID,,,,,,,,
,ItemID,INT,No,No,--/--,ItemID,INT,FK (ItemsTbl),No,No,n/a,Copy,ItemID,,,,,,,,
,ServiceTypeID,INT,No,No,--/--,ItemServiceTypeID,INT,FK (ItemServiceTypesTbl),No,No,n/a,Rename,ServiceTypeID,,,,,,,,
,Qty,REAL,No,No,--/--,Qty,REAL,No,No,No,n/a,Copy,Qty,,,,,,,,
,PackagingID,INT,No,No,--/--,ItemPackagingID,INT,FK (ItemPackagingTbl),No,No,n/a,Rename,PackagingID,,,,,,,,
,OriginalOrderID,INT,No,No,--/--,OriginalOrderID,INT,FK (OrdersTbl),No,No,n/a,Copy,OriginalOrderID,,,,,,,,
-------------------------------/-------------------------------,,,,,,,,,,,,,,,,,,,,,
Table,Before,After,Action,,,,,,,,,,,,,,,,,,
,TempOrdersTbl,TempOrdersTbl,Copy,,,,,,,,,,,,,,,,,,
Rows:,Before Col name,Before Type,Before Key,Before Auto,--/--,After Col Name,After Type,After Key,After Auto,After NotNull,Presserve ID,Action,Source Col,,,,,,,,
,TempOrderId,INT,No,No,--/--,TempOrderID,INT,PK,Yes,No,n/a,Rename,TempOrderId,,,,,,,,
,OrderID,INT,No,No,--/--,OrderID,INT,FK (OrdersTbl),No,No,n/a,Copy,OrderID,,,,,,,,
,CustomerId,INT,No,No,--/--,ContactID,INT,FK (ContactsTbl),No,No,n/a,Rename,CustomerId,,,,,,,,
,OrderDate,DATETIME,No,No,--/--,OrderDate,DATETIME,No,No,No,n/a,Copy,OrderDate,,,,,,,,
,RoastDate,DATETIME,No,No,--/--,RoastDate,DATETIME,No,No,No,n/a,Copy,RoastDate,,,,,,,,
,ItemTypeID,INT,No,No,--/--,ItemID,INT,FK (ItemsTbl),No,No,n/a,Rename,ItemTypeID,,,,,,,,
,ServiceTypeId,INT,No,No,--/--,ItemServiceTypeID,INT,FK (ItemServiceTypesTbl),No,No,n/a,Rename,ServiceTypeId,,,,,,,,
,PrepTypeID,INT,No,No,--/--,ItemPrepTypeID,INT,FK (ItemPrepTypesTbl),No,No,n/a,Rename,PrepTypeID,,,,,,,,
,PackagingId,INT,No,No,--/--,ItemPackagingID,INT,FK (ItemPackagingTbl),No,No,n/a,Copy,PackagingId,,,,,,,,
,QuantityOrdered,REAL,No,No,--/--,QtyOrdered,REAL,No,No,No,n/a,Rename,QuantityOrdered,,,,,,,,
,RequiredByDate,DATETIME,No,No,--/--,RequiredByDate,DATETIME,No,No,No,n/a,Copy,RequiredByDate,,,,,,,,
,Delivered,BIT,No,No,--/--,Delivered,BIT,No,No,No,n/a,Copy,Delivered,,,,,,,,
,Notes,NVARCHAR(255),No,No,--/--,Notes,NVARCHAR(255),No,No,No,n/a,Copy,Notes,,,,,,,,
-------------------------------/-------------------------------,,,,,,,,,,,,,,,,,,,,,
Table,Before,After,Action,,,,,,,,,,,,,,,,,,
,TotalCountTrackerTbl,TotalCountTrackerTbl,Copy,,,,,,,,,,,,,,,,,,
Rows:,Before Col name,Before Type,Before Key,Before Auto,--/--,After Col Name,After Type,After Key,After Auto,After NotNull,Presserve ID,Action,Source Col,,,,,,,,
,ID,INT,No,No,--/--,TotalCounterTrackerID,INT,PK,Yes,No,n/a,Rename,ID,,,,,,,,
,CountDate,DATETIME,No,No,--/--,CountDate,DATETIME,No,No,No,n/a,Copy,CountDate,,,,,,,,
,TotalCount,INT,No,No,--/--,TotalCount,INT,No,No,No,n/a,Copy,TotalCount,,,,,,,,
,Comments,NVARCHAR(255),No,No,--/--,Comments,NVARCHAR(255),No,No,No,n/a,Copy,Comments,,,,,,,,
-------------------------------/-------------------------------,,,,,,,,,,,,,,,,,,,,,
Table,Before,After,Action,,,,,,,,,,,,,,,,,,
,TrackedServiceItemTbl,TrackedServiceItemTbl,Copy,,,,,,,,,,,,,,,,,,
Rows:,Before Col name,Before Type,Before Key,Before Auto,--/--,After Col Name,After Type,After Key,After Auto,After NotNull,Presserve ID,Action,Source Col,,,,,,,,
,TrackerServiceItemID,INT,No,No,--/--,TrackerServiceItemID,INT,PK,Yes,No,n/a,Copy,TrackerServiceItemID,,,,,,,,
,ServiceTypeID,INT,No,No,--/--,ItemServiceTypeID,INT,FK (ItemServiceTypesTbl),No,No,n/a,Rename,ServiceTypeID,,,,,,,,
,TypicalAvePerItem,REAL,No,No,--/--,TypicalAvePerItem,REAL,No,No,No,n/a,Copy,TypicalAvePerItem,,,,,,,,
,UsageDateFieldName,NVARCHAR(20),No,No,--/--,UsageDateFieldName,NVARCHAR(20),No,No,No,n/a,Copy,UsageDateFieldName,,,,,,,,
,UsageAveFieldName,NVARCHAR(20),No,No,--/--,UsageAveFieldName,NVARCHAR(20),No,No,No,n/a,Copy,UsageAveFieldName,,,,,,,,
,ThisItemSetsDailyAverage,BIT,No,No,--/--,ThisItemSetsDailyAverage,BIT,No,No,No,n/a,Copy,ThisItemSetsDailyAverage,,,,,,,,
,Notes,NVARCHAR(536870910),No,No,--/--,Notes,NVARCHAR(536870910),No,No,No,n/a,Copy,Notes,,,,,,,,
-------------------------------/-------------------------------,,,,,,,,,,,,,,,,,,,,,
Table,Before,After,Action,,,,,,,,,,,,,,,,,,
,TransactionTypesTbl,TransactionTypesTbl,Copy,,,,,,,,,,,,,,,,,,
Rows:,Before Col name,Before Type,Before Key,Before Auto,--/--,After Col Name,After Type,After Key,After Auto,After NotNull,Presserve ID,Action,Source Col,,,,,,,,
,TransactionID,INT,No,No,--/--,TransactionID,INT,PK,Yes,No,n/a,Copy,TransactionID,,,,,,,,
,TransactionType,NVARCHAR(50),No,No,--/--,TransactionType,NVARCHAR(50),No,No,No,n/a,Copy,TransactionType,,,,,,,,
,Notes,NVARCHAR(536870910),No,No,--/--,Notes,NVARCHAR(536870910),No,No,No,n/a,Copy,Notes,,,,,,,,
-------------------------------/-------------------------------,,,,,,,,,,,,,,,,,,,,,
Table,Before,After,Action,,,,,,,,,,,,,,,,,,
,UsedItemGroupTbl,UsedItemGroupTbl,Copy,,,,,,,,,,,,,,,,,,
Rows:,Before Col name,Before Type,Before Key,Before Auto,--/--,After Col Name,After Type,After Key,After Auto,After NotNull,Presserve ID,Action,Source Col,,,,,,,,
,UsedItemGroupID,INT,No,No,--/--,UsedItemGroupID,INT,PK,Yes,No,n/a,Copy,UsedItemGroupID,,,,,,,,
,ContactID,INT,No,No,--/--,ContactID,INT,FK (ContactsTbl),No,No,n/a,Copy,ContactID,,,,,,,,
,GroupItemTypeID,INT,No,No,--/--,GroupReferenceItemID,INT,FK (ItemGroupsTbl),No,No,n/a,Rename,GroupItemTypeID,,,,,,,,
,LastItemTypeID,INT,No,No,--/--,LastItemID,INT,FK (ItemsTbl),No,No,n/a,Rename,LastItemTypeID,,,,,,,,
,LastItemTypeSortPos,INT,No,No,--/--,LastItemSortPos,INT,No,No,No,n/a,Rename,LastItemTypeSortPos,,,,,,,,
,LastItemDateChanged,DATETIME,No,No,--/--,LastItemDateChanged,DATETIME,No,No,No,n/a,Copy,LastItemDateChanged,,,,,,,,
,Notes,NVARCHAR(536870910),No,No,--/--,Notes,NVARCHAR(536870910),No,No,No,n/a,Copy,Notes,,,,,,,,
-------------------------------/-------------------------------,,,,,,,,,,,,,,,,,,,,,
Table:,Before,After Header Tbl,After Lines Tbl,Action,,,,,,,,,,,,,,,,,
=====,OrdersTbl,OrdersTbl,OrderLinesTbl,Normalise,,,,,,,,,,,,,,,,,
BusinessRules:,"CompositeKey(Header): IF CustomerID = 9 THEN (CustomerId, RoastDate, Notes) ELSE (CustomerId, RoastDate)",,,,,,,,,After Header NotNull,,,,,,,,,,,
BusinessRules:,"Compute(Header): Target=OrderKey Expr=IIF(CustomerID = 9, CustomerID & '|' & RoastDate & '|' & Notes, CustomerID & '|' & RoastDate)",,,,,,,,,Yes,,,,,,,,,,,
Rows:,Before Col name,Before Type,Before Key,Before Auto,--/--,After Header Col Name,After Header Type,After Header Key,After Header Auto,No,Presserve ID,Action,Source Col,--/--,After Lines Col Name,After Lines Type,After Lines Key,After Lines Auto,Presserve ID,Action,Source Col
,OrderID,INT,No,No,--/--,OrderID,INT,PK,Yes,No,Yes,Copy,OrderID,--/--,OrderID,INT,FK (Header),Yes,Yes,Copy,OrderID
,CustomerId,INT,No,No,--/--,ContactID,INT,FK (ContactsTbl),No,No,Yes,Rename,CustomerId,--/--,,,,,,,
,OrderDate,DATETIME,No,No,--/--,OrderDate,DATETIME,No,No,,Yes,Copy,OrderDate,--/--,,,,,,,
,RoastDate,DATETIME,No,No,--/--,PrepDate,DATETIME,No,No,,Yes,Rename,RoastDate,--/--,,,,,,,
,ItemTypeID,INT,No,No,--/--,,,,,No,,,,--/--,ItemID,INT,FK (ItemsTbl),No,Yes,Rename,ItemTypeID
,QuantityOrdered,REAL,No,No,--/--,,,,,,,,,--/--,QtyOrdered,REAL,No,No,Yes,Rename,QuantityOrdered
,RequiredByDate,DATETIME,No,No,--/--,RequiredByDate,DATETIME,No,No,,Yes,Copy,RequiredByDate,--/--,,,,,,,
,PrepTypeID,INT,No,No,--/--,,,,,No,,,,--/--,PrepTypeID,INT,FK (ItemPrepTypesTbl),No,Yes,Copy,PrepTypeID
,PackagingID,INT,No,No,--/--,,,,,No,,,,--/--,PackagingID,INT,FK (ItemPackagingTbl),No,Yes,Copy,PackagingID
,ToBeDeliveredBy,INT,No,No,--/--,ToBeDeliveredByID,INT,FK (PeopleTbl),No,No,Yes,Rename,ToBeDeliveredBy,--/--,,,,,,,
,Confirmed,BIT,No,No,--/--,Confirmed,BIT,No,No,No,Yes,Copy,Confirmed,--/--,,,,,,,
,Done,BIT,No,No,--/--,Done,BIT,No,No,No,Yes,Copy,Done,--/--,,,,,,,
,Packed,BIT,No,No,--/--,Packed,BIT,No,No,No,Yes,Copy,Packed,--/--,,,,,,,
,Notes,NVARCHAR(255),No,No,--/--,Notes,NVARCHAR(255),No,No,No,Yes,Copy,Notes,--/--,,,,,,,
,PurchaseOrder,NVARCHAR(30),No,No,--/--,PurchaseOrder,NVARCHAR(30),No,No,,Yes,Copy,PurchaseOrder,--/--,,,,,,,
,InvoiceDone,BIT,No,No,--/--,InvoiceDone,BIT,No,No,,Yes,Copy,InvoiceDone,--/--,,,,,,,
,,,,,--/--,,,,,,,,,--/--,OrderLineID,,PK,Yes,Yes,New,n/a
-------------------------------/-------------------------------,,,,,,,,,,,,,,,,,,,,,
Table:,Before,After Header Tbl,After Lines Tbl,Action,,,,,,After Header NotNull,,,,,,,,,,,
=====,ReoccuringOrderTbl,RecurringOrdersTbl,RecurringOrderItemsTbl,Normalise,,,,,,Yes,,,,,,,,,,,
BusinessRules:,"RecurringGrouping: HeaderBy=[CustomerID] LineBy=[ItemRequiredID, ItemPackagingID, ItemPrepTypeID] Aggs=[QtyRequired=SUM]",,,,,,,,,No,,,,,,,,,,,
Rows:,Before Col name,Before Type,Before Key,Before Auto,--/--,After Header Col Name,After Header Type,After Header Key,After Header Auto,,Presserve ID,Action,Source Col,--/--,After Lines Col Name,After Lines Type,After Lines Key,After Lines Auto,Presserve ID,Action,Source Col
,ID,INT,No,No,--/--,RecurringOrderID,INT,PK,Yes,,Yes,Rename,ID,--/--,RecurringOrderID,INT,FK (Header),No,Yes,Rename,ID
,CustomerID,INT,No,No,--/--,ContactID,INT,No,No,,Yes,Rename,CustomerID,--/--,,,,,,,
,ReoccuranceType,INT,No,No,--/--,,,,,,,,,--/--,RecurringTypeID,INT,FK (RecurranceTypesTbl),No,Yes,Rename,ReoccuranceType
,Value,TINYINT,No,No,--/--,,,,,,,,,--/--,Value,TINYINT,No,No,Yes,Copy,Value
,ItemRequiredID,INT,No,No,--/--,,,,,,,,,--/--,ItemRequiredID,INT,FK (ItemsTbl),No,Yes,Copy,ItemRequiredID
,QtyRequired,FLOAT,No,No,--/--,,,,,,,,,--/--,QtyRequired,FLOAT,No,No,Yes,Copy,QtyRequired
,DateLastDone,DATETIME,No,No,--/--,,,,,No,,,,--/--,DateLastDone,DATETIME,No,No,Yes,Copy,DateLastDone
,NextDateRequired,DATETIME,No,No,--/--,,,,,No,,,,--/--,NextDateRequired,DATETIME,No,No,Yes,Copy,NextDateRequired
,RequireUntilDate,DATETIME,No,No,--/--,,,,,,,,,--/--,RequireUntilDate,DATETIME,No,No,Yes,Copy,RequireUntilDate
,Enabled,BIT,No,No,--/--,Enabled,BIT,No,No,No,Yes,Copy,Enabled,--/--,,,,,,,
,Notes,NVARCHAR(536870910),No,No,--/--,Notes,NVARCHAR(536870910),No,No,,Yes,Copy,Notes,--/--,,,,,,,
,PackagingID,INT,No,No,--/--,,,,,,,,,--/--,ItemPackagingID,INT,FK (ItemPackagingTbl),No,Yes,Rename,PackagingID
,DeliveryByID,INT,No,No,--/--,DeliveryByID,INT,No,No,,Yes,Copy,DeliveryByID,--/--,,,,,,,
,new,,No,No,--/--,,,,,,,,,--/--,RecurringOrderItemID,,PK,Yes,Yes,Rename,new
-------------------------------/-------------------------------,,,,,,,,,,,,,,,,,,,,,
